ID_Snack,SnacksSeleccionados
1,FutbolMix; Hot Stadium Peanuts; Caramel Goal Popcorn
2,ChocoKick Bites; CrunchMax BBQ
3,ChocoKick Bites; Fan Chips Jalapeño; Victory Pretzels
4,Fan Chips Jalapeño; CrunchMax BBQ
5,Caramel Goal Popcorn; FutbolMix
6,CrunchMax BBQ
7,ChocoKick Bites
8,Hot Stadium Peanuts; Caramel Goal Popcorn; Fan Chips Jalapeño
9,Caramel Goal Popcorn
10,Energy Crunch Protein; Fan Chips Jalapeño; Gol Nachos Supreme
11,Gol Nachos Supreme
12,FutbolMix
13,FutbolMix; Gol Nachos Supreme; Caramel Goal Popcorn
14,Victory Pretzels
15,Energy Crunch Protein; CrunchMax BBQ; ChocoKick Bites
16,ChocoKick Bites; FutbolMix
17,Hot Stadium Peanuts; Gol Nachos Supreme; FutbolMix
18,Mundialitos Queso Picante; CrunchMax BBQ
19,CrunchMax BBQ; Energy Crunch Protein
20,Hot Stadium Peanuts; Mundialitos Queso Picante; FutbolMix
21,ChocoKick Bites; FutbolMix; Fan Chips Jalapeño
22,Fan Chips Jalapeño; Victory Pretzels
23,Mundialitos Queso Picante; ChocoKick Bites
24,FutbolMix; Mundialitos Queso Picante
25,Energy Crunch Protein
26,Victory Pretzels; Fan Chips Jalapeño; Gol Nachos Supreme
27,Mundialitos Queso Picante; CrunchMax BBQ; Caramel Goal Popcorn
28,Fan Chips Jalapeño
29,Caramel Goal Popcorn; ChocoKick Bites
30,ChocoKick Bites; Mundialitos Queso Picante; Fan Chips Jalapeño
31,FutbolMix; Energy Crunch Protein
32,ChocoKick Bites; Caramel Goal Popcorn; FutbolMix
33,Fan Chips Jalapeño; ChocoKick Bites; FutbolMix
34,Mundialitos Queso Picante
35,Hot Stadium Peanuts; Caramel Goal Popcorn
36,CrunchMax BBQ; Mundialitos Queso Picante; Caramel Goal Popcorn
37,Hot Stadium Peanuts; Fan Chips Jalapeño; FutbolMix
38,Fan Chips Jalapeño; Gol Nachos Supreme
39,ChocoKick Bites; Fan Chips Jalapeño
40,Mundialitos Queso Picante; Fan Chips Jalapeño; Gol Nachos Supreme
41,FutbolMix; CrunchMax BBQ; Gol Nachos Supreme
42,CrunchMax BBQ; Gol Nachos Supreme
43,ChocoKick Bites; Mundialitos Queso Picante; Gol Nachos Supreme
44,CrunchMax BBQ; ChocoKick Bites; Gol Nachos Supreme
45,Hot Stadium Peanuts
46,Victory Pretzels; ChocoKick Bites
47,Gol Nachos Supreme; FutbolMix; CrunchMax BBQ
48,Mundialitos Queso Picante; Victory Pretzels; FutbolMix
49,ChocoKick Bites; Gol Nachos Supreme
50,FutbolMix; Fan Chips Jalapeño
51,ChocoKick Bites; Victory Pretzels
52,ChocoKick Bites; Hot Stadium Peanuts
53,Caramel Goal Popcorn; FutbolMix; Mundialitos Queso Picante
54,Caramel Goal Popcorn; CrunchMax BBQ; ChocoKick Bites
55,CrunchMax BBQ; Mundialitos Queso Picante
56,Gol Nachos Supreme; CrunchMax BBQ
57,Caramel Goal Popcorn; Gol Nachos Supreme
58,Gol Nachos Supreme; CrunchMax BBQ; FutbolMix
59,Victory Pretzels; Mundialitos Queso Picante; CrunchMax BBQ
60,Mundialitos Queso Picante; Fan Chips Jalapeño; FutbolMix
61,Gol Nachos Supreme; Hot Stadium Peanuts
62,ChocoKick Bites; Fan Chips Jalapeño; CrunchMax BBQ
63,CrunchMax BBQ; Fan Chips Jalapeño
64,Caramel Goal Popcorn; Fan Chips Jalapeño; Hot Stadium Peanuts
65,Victory Pretzels; Fan Chips Jalapeño
66,Victory Pretzels; Gol Nachos Supreme; Caramel Goal Popcorn
67,Victory Pretzels; CrunchMax BBQ; Caramel Goal Popcorn
68,Gol Nachos Supreme; Mundialitos Queso Picante
69,Victory Pretzels; Mundialitos Queso Picante; Fan Chips Jalapeño
70,ChocoKick Bites; Caramel Goal Popcorn; CrunchMax BBQ
71,Gol Nachos Supreme; ChocoKick Bites; Mundialitos Queso Picante
72,Hot Stadium Peanuts; Fan Chips Jalapeño; Victory Pretzels
73,ChocoKick Bites; CrunchMax BBQ; Hot Stadium Peanuts
74,Caramel Goal Popcorn; Mundialitos Queso Picante; CrunchMax BBQ
75,Gol Nachos Supreme; FutbolMix
76,Gol Nachos Supreme; CrunchMax BBQ; ChocoKick Bites
77,Mundialitos Queso Picante; Fan Chips Jalapeño; CrunchMax BBQ
78,Mundialitos Queso Picante; FutbolMix
79,ChocoKick Bites; FutbolMix; Mundialitos Queso Picante
80,Mundialitos Queso Picante; Gol Nachos Supreme
81,Fan Chips Jalapeño; Mundialitos Queso Picante; Victory Pretzels
82,FutbolMix; Victory Pretzels; Fan Chips Jalapeño
83,CrunchMax BBQ; FutbolMix; Gol Nachos Supreme
84,Victory Pretzels; CrunchMax BBQ; Mundialitos Queso Picante
85,Mundialitos Queso Picante; Caramel Goal Popcorn; Gol Nachos Supreme
86,CrunchMax BBQ; Mundialitos Queso Picante; Fan Chips Jalapeño
87,Caramel Goal Popcorn; Hot Stadium Peanuts
88,Mundialitos Queso Picante; Hot Stadium Peanuts; FutbolMix
89,Mundialitos Queso Picante; Fan Chips Jalapeño
90,FutbolMix; ChocoKick Bites; Energy Crunch Protein
91,Caramel Goal Popcorn; Victory Pretzels; Mundialitos Queso Picante
92,Gol Nachos Supreme; Fan Chips Jalapeño
93,Caramel Goal Popcorn; Fan Chips Jalapeño
94,Hot Stadium Peanuts; Gol Nachos Supreme; Energy Crunch Protein
95,CrunchMax BBQ; Mundialitos Queso Picante; FutbolMix
96,Fan Chips Jalapeño; Energy Crunch Protein
97,FutbolMix; ChocoKick Bites; Mundialitos Queso Picante
98,Gol Nachos Supreme; Victory Pretzels; Mundialitos Queso Picante
99,Mundialitos Queso Picante; Gol Nachos Supreme; CrunchMax BBQ
100,Fan Chips Jalapeño; ChocoKick Bites
101,Fan Chips Jalapeño; Mundialitos Queso Picante; Gol Nachos Supreme
102,ChocoKick Bites; Gol Nachos Supreme; CrunchMax BBQ
103,Hot Stadium Peanuts; Victory Pretzels
104,Hot Stadium Peanuts; Energy Crunch Protein; ChocoKick Bites
105,Caramel Goal Popcorn; Victory Pretzels; CrunchMax BBQ
106,Fan Chips Jalapeño; Hot Stadium Peanuts; Mundialitos Queso Picante
107,ChocoKick Bites; Fan Chips Jalapeño; Mundialitos Queso Picante
108,Fan Chips Jalapeño; Gol Nachos Supreme; Caramel Goal Popcorn
109,ChocoKick Bites; Mundialitos Queso Picante
110,Fan Chips Jalapeño; Energy Crunch Protein; Hot Stadium Peanuts
111,Gol Nachos Supreme; CrunchMax BBQ; Caramel Goal Popcorn
112,FutbolMix; CrunchMax BBQ
113,Mundialitos Queso Picante; CrunchMax BBQ; Fan Chips Jalapeño
114,Hot Stadium Peanuts; Fan Chips Jalapeño; Caramel Goal Popcorn
115,FutbolMix; Gol Nachos Supreme
116,Energy Crunch Protein; ChocoKick Bites; CrunchMax BBQ
117,CrunchMax BBQ; Fan Chips Jalapeño; Hot Stadium Peanuts
118,Mundialitos Queso Picante; Fan Chips Jalapeño; Victory Pretzels
119,Energy Crunch Protein; Caramel Goal Popcorn; Gol Nachos Supreme
120,ChocoKick Bites; Fan Chips Jalapeño; Hot Stadium Peanuts
121,Victory Pretzels; Mundialitos Queso Picante
122,Fan Chips Jalapeño; Mundialitos Queso Picante
123,Gol Nachos Supreme; FutbolMix; Caramel Goal Popcorn
124,Hot Stadium Peanuts; Gol Nachos Supreme
125,Energy Crunch Protein; Hot Stadium Peanuts; Gol Nachos Supreme
126,Energy Crunch Protein; CrunchMax BBQ
127,Hot Stadium Peanuts; Mundialitos Queso Picante
128,Energy Crunch Protein; Hot Stadium Peanuts
129,Fan Chips Jalapeño; Mundialitos Queso Picante; Energy Crunch Protein
130,CrunchMax BBQ; FutbolMix; Mundialitos Queso Picante
131,Caramel Goal Popcorn; Victory Pretzels
132,Gol Nachos Supreme; Mundialitos Queso Picante; Energy Crunch Protein
133,CrunchMax BBQ; Energy Crunch Protein; ChocoKick Bites
134,Mundialitos Queso Picante; FutbolMix; Gol Nachos Supreme
135,Victory Pretzels; CrunchMax BBQ
136,Hot Stadium Peanuts; Fan Chips Jalapeño
137,Fan Chips Jalapeño; Caramel Goal Popcorn; FutbolMix
138,Mundialitos Queso Picante; Caramel Goal Popcorn
139,Fan Chips Jalapeño; Mundialitos Queso Picante; ChocoKick Bites
140,CrunchMax BBQ; Mundialitos Queso Picante; Energy Crunch Protein
141,Mundialitos Queso Picante; Gol Nachos Supreme; ChocoKick Bites
142,Gol Nachos Supreme; Hot Stadium Peanuts; Caramel Goal Popcorn
143,Caramel Goal Popcorn; Mundialitos Queso Picante; Gol Nachos Supreme
144,ChocoKick Bites; Gol Nachos Supreme; FutbolMix
145,Energy Crunch Protein; Caramel Goal Popcorn
146,FutbolMix; CrunchMax BBQ; Mundialitos Queso Picante
147,Caramel Goal Popcorn; CrunchMax BBQ; Hot Stadium Peanuts
148,CrunchMax BBQ; ChocoKick Bites; Fan Chips Jalapeño
149,Victory Pretzels; Gol Nachos Supreme
150,Caramel Goal Popcorn; Mundialitos Queso Picante
151,Hot Stadium Peanuts; Caramel Goal Popcorn; ChocoKick Bites
152,Hot Stadium Peanuts; Victory Pretzels; Mundialitos Queso Picante
153,CrunchMax BBQ; Fan Chips Jalapeño; Gol Nachos Supreme
154,Hot Stadium Peanuts; Fan Chips Jalapeño; Gol Nachos Supreme
155,CrunchMax BBQ; Hot Stadium Peanuts
156,Fan Chips Jalapeño; Caramel Goal Popcorn; CrunchMax BBQ
157,Hot Stadium Peanuts; CrunchMax BBQ
158,FutbolMix; ChocoKick Bites
159,Fan Chips Jalapeño; Gol Nachos Supreme; ChocoKick Bites
160,FutbolMix; CrunchMax BBQ; Energy Crunch Protein
161,Caramel Goal Popcorn; Hot Stadium Peanuts; ChocoKick Bites
162,Caramel Goal Popcorn; Mundialitos Queso Picante; ChocoKick Bites
163,Victory Pretzels; Mundialitos Queso Picante; FutbolMix
164,Mundialitos Queso Picante; CrunchMax BBQ; Hot Stadium Peanuts
165,Mundialitos Queso Picante; ChocoKick Bites; Fan Chips Jalapeño
166,FutbolMix; Caramel Goal Popcorn; Energy Crunch Protein
167,Hot Stadium Peanuts; FutbolMix
168,ChocoKick Bites; Caramel Goal Popcorn
169,Caramel Goal Popcorn; Hot Stadium Peanuts; Fan Chips Jalapeño
170,FutbolMix; Fan Chips Jalapeño; CrunchMax BBQ
171,Victory Pretzels; Fan Chips Jalapeño; Mundialitos Queso Picante
172,Caramel Goal Popcorn; Gol Nachos Supreme; ChocoKick Bites
173,Energy Crunch Protein; Fan Chips Jalapeño
174,Hot Stadium Peanuts; FutbolMix; Energy Crunch Protein
175,Energy Crunch Protein; Mundialitos Queso Picante; Caramel Goal Popcorn
176,Mundialitos Queso Picante; Fan Chips Jalapeño; ChocoKick Bites
177,CrunchMax BBQ; FutbolMix; Hot Stadium Peanuts
178,FutbolMix; Mundialitos Queso Picante; Gol Nachos Supreme
179,Hot Stadium Peanuts; ChocoKick Bites
180,ChocoKick Bites; Gol Nachos Supreme; Caramel Goal Popcorn
181,FutbolMix; CrunchMax BBQ; Hot Stadium Peanuts
182,Gol Nachos Supreme; Caramel Goal Popcorn
183,Hot Stadium Peanuts; Mundialitos Queso Picante; Victory Pretzels
184,FutbolMix; Gol Nachos Supreme; Energy Crunch Protein
185,Caramel Goal Popcorn; Gol Nachos Supreme; FutbolMix
186,Mundialitos Queso Picante; Gol Nachos Supreme; Caramel Goal Popcorn
187,Hot Stadium Peanuts; Victory Pretzels; Fan Chips Jalapeño
188,ChocoKick Bites; CrunchMax BBQ; Caramel Goal Popcorn
189,ChocoKick Bites; Energy Crunch Protein; Caramel Goal Popcorn
190,Fan Chips Jalapeño; Gol Nachos Supreme; Victory Pretzels
191,ChocoKick Bites; Energy Crunch Protein; CrunchMax BBQ
192,Gol Nachos Supreme; Victory Pretzels; CrunchMax BBQ
193,Mundialitos Queso Picante; FutbolMix; CrunchMax BBQ
194,CrunchMax BBQ; Fan Chips Jalapeño; Energy Crunch Protein
195,CrunchMax BBQ; Gol Nachos Supreme; Energy Crunch Protein
196,Victory Pretzels; FutbolMix
197,Fan Chips Jalapeño; FutbolMix
198,Mundialitos Queso Picante; FutbolMix; Fan Chips Jalapeño
199,Mundialitos Queso Picante; Caramel Goal Popcorn; Fan Chips Jalapeño
200,Gol Nachos Supreme; Victory Pretzels
201,Gol Nachos Supreme; Energy Crunch Protein
202,CrunchMax BBQ; Caramel Goal Popcorn
203,Caramel Goal Popcorn; Hot Stadium Peanuts; Mundialitos Queso Picante
204,Energy Crunch Protein; Gol Nachos Supreme
205,Energy Crunch Protein; Gol Nachos Supreme; Caramel Goal Popcorn
206,Energy Crunch Protein; CrunchMax BBQ; Gol Nachos Supreme
207,CrunchMax BBQ; Gol Nachos Supreme; Fan Chips Jalapeño
208,FutbolMix; Caramel Goal Popcorn; CrunchMax BBQ
209,Victory Pretzels; Mundialitos Queso Picante; Gol Nachos Supreme
210,ChocoKick Bites; Mundialitos Queso Picante; CrunchMax BBQ
211,Fan Chips Jalapeño; CrunchMax BBQ; Gol Nachos Supreme
212,Mundialitos Queso Picante; Energy Crunch Protein
213,Victory Pretzels; CrunchMax BBQ; FutbolMix
214,ChocoKick Bites; Caramel Goal Popcorn; Hot Stadium Peanuts
215,Gol Nachos Supreme; Fan Chips Jalapeño; CrunchMax BBQ
216,Caramel Goal Popcorn; ChocoKick Bites; Gol Nachos Supreme
217,Fan Chips Jalapeño; CrunchMax BBQ; Victory Pretzels
218,CrunchMax BBQ; Hot Stadium Peanuts; Mundialitos Queso Picante
219,Gol Nachos Supreme; Caramel Goal Popcorn; ChocoKick Bites
220,CrunchMax BBQ; Mundialitos Queso Picante; ChocoKick Bites
221,Caramel Goal Popcorn; ChocoKick Bites; FutbolMix
222,Mundialitos Queso Picante; CrunchMax BBQ; FutbolMix
223,Gol Nachos Supreme; Caramel Goal Popcorn; FutbolMix
224,Hot Stadium Peanuts; Caramel Goal Popcorn; Mundialitos Queso Picante
225,FutbolMix; Hot Stadium Peanuts
226,Mundialitos Queso Picante; Caramel Goal Popcorn; Hot Stadium Peanuts
227,FutbolMix; Energy Crunch Protein; Victory Pretzels
228,CrunchMax BBQ; Hot Stadium Peanuts; Caramel Goal Popcorn
229,Energy Crunch Protein; Hot Stadium Peanuts; CrunchMax BBQ
230,Hot Stadium Peanuts; Energy Crunch Protein; Mundialitos Queso Picante
231,Caramel Goal Popcorn; CrunchMax BBQ; Fan Chips Jalapeño
232,FutbolMix; Hot Stadium Peanuts; Fan Chips Jalapeño
233,Hot Stadium Peanuts; Mundialitos Queso Picante; Fan Chips Jalapeño
234,Mundialitos Queso Picante; FutbolMix; Caramel Goal Popcorn
235,Victory Pretzels; Hot Stadium Peanuts; ChocoKick Bites
236,CrunchMax BBQ; Fan Chips Jalapeño; ChocoKick Bites
237,FutbolMix; Mundialitos Queso Picante; Hot Stadium Peanuts
238,Victory Pretzels; ChocoKick Bites; CrunchMax BBQ
239,Mundialitos Queso Picante; Caramel Goal Popcorn; FutbolMix
240,Fan Chips Jalapeño; ChocoKick Bites; CrunchMax BBQ
241,CrunchMax BBQ; ChocoKick Bites; Mundialitos Queso Picante
242,CrunchMax BBQ; Fan Chips Jalapeño; Mundialitos Queso Picante
243,FutbolMix; Victory Pretzels
244,Energy Crunch Protein; Victory Pretzels
245,Caramel Goal Popcorn; Energy Crunch Protein
246,ChocoKick Bites; Hot Stadium Peanuts; FutbolMix
247,Gol Nachos Supreme; ChocoKick Bites
248,ChocoKick Bites; Hot Stadium Peanuts; Gol Nachos Supreme
249,Gol Nachos Supreme; ChocoKick Bites; Caramel Goal Popcorn
250,Caramel Goal Popcorn; ChocoKick Bites; Hot Stadium Peanuts
251,Fan Chips Jalapeño; Mundialitos Queso Picante; FutbolMix
252,CrunchMax BBQ; Caramel Goal Popcorn; FutbolMix
253,FutbolMix; Mundialitos Queso Picante; Victory Pretzels
254,Energy Crunch Protein; Gol Nachos Supreme; Hot Stadium Peanuts
255,CrunchMax BBQ; Victory Pretzels
256,Energy Crunch Protein; CrunchMax BBQ; Fan Chips Jalapeño
257,Gol Nachos Supreme; Mundialitos Queso Picante; FutbolMix
258,Gol Nachos Supreme; Victory Pretzels; Caramel Goal Popcorn
259,Energy Crunch Protein; ChocoKick Bites; Gol Nachos Supreme
260,Mundialitos Queso Picante; Hot Stadium Peanuts; Fan Chips Jalapeño
261,CrunchMax BBQ; Victory Pretzels; Caramel Goal Popcorn
262,Fan Chips Jalapeño; Gol Nachos Supreme; Mundialitos Queso Picante
263,Gol Nachos Supreme; CrunchMax BBQ; Mundialitos Queso Picante
264,FutbolMix; ChocoKick Bites; Gol Nachos Supreme
265,CrunchMax BBQ; Hot Stadium Peanuts; ChocoKick Bites
266,CrunchMax BBQ; ChocoKick Bites
267,Fan Chips Jalapeño; Hot Stadium Peanuts; CrunchMax BBQ
268,FutbolMix; Mundialitos Queso Picante; Fan Chips Jalapeño
269,Hot Stadium Peanuts; Mundialitos Queso Picante; CrunchMax BBQ
270,Energy Crunch Protein; ChocoKick Bites
271,CrunchMax BBQ; Caramel Goal Popcorn; Hot Stadium Peanuts
272,Fan Chips Jalapeño; Caramel Goal Popcorn
273,FutbolMix; Caramel Goal Popcorn; Mundialitos Queso Picante
274,Mundialitos Queso Picante; Victory Pretzels; Hot Stadium Peanuts
275,Hot Stadium Peanuts; ChocoKick Bites; Mundialitos Queso Picante
276,Caramel Goal Popcorn; Gol Nachos Supreme; Fan Chips Jalapeño
277,Caramel Goal Popcorn; CrunchMax BBQ; Victory Pretzels
278,CrunchMax BBQ; Energy Crunch Protein; FutbolMix
279,Hot Stadium Peanuts; FutbolMix; Mundialitos Queso Picante
280,ChocoKick Bites; CrunchMax BBQ; Gol Nachos Supreme
281,FutbolMix; Gol Nachos Supreme; Mundialitos Queso Picante
282,Caramel Goal Popcorn; CrunchMax BBQ
283,Fan Chips Jalapeño; Caramel Goal Popcorn; Gol Nachos Supreme
284,Mundialitos Queso Picante; CrunchMax BBQ; Energy Crunch Protein
285,Energy Crunch Protein; Gol Nachos Supreme; Mundialitos Queso Picante
286,CrunchMax BBQ; Gol Nachos Supreme; Caramel Goal Popcorn
287,Gol Nachos Supreme; ChocoKick Bites; FutbolMix
288,Hot Stadium Peanuts; Energy Crunch Protein; Gol Nachos Supreme
289,CrunchMax BBQ; ChocoKick Bites; Caramel Goal Popcorn
290,CrunchMax BBQ; Gol Nachos Supreme; Mundialitos Queso Picante
291,Gol Nachos Supreme; Fan Chips Jalapeño; ChocoKick Bites
292,CrunchMax BBQ; Gol Nachos Supreme; FutbolMix
293,Gol Nachos Supreme; CrunchMax BBQ; Hot Stadium Peanuts
294,FutbolMix; Gol Nachos Supreme; ChocoKick Bites
295,ChocoKick Bites; FutbolMix; Gol Nachos Supreme
296,Gol Nachos Supreme; Hot Stadium Peanuts; Mundialitos Queso Picante
297,Hot Stadium Peanuts; Fan Chips Jalapeño; Mundialitos Queso Picante
298,FutbolMix; CrunchMax BBQ; ChocoKick Bites
299,Mundialitos Queso Picante; ChocoKick Bites; FutbolMix
300,Victory Pretzels; Caramel Goal Popcorn; Fan Chips Jalapeño
301,Mundialitos Queso Picante; Victory Pretzels; CrunchMax BBQ
302,Energy Crunch Protein; Mundialitos Queso Picante
303,Fan Chips Jalapeño; ChocoKick Bites; Mundialitos Queso Picante
304,ChocoKick Bites; Energy Crunch Protein
305,Energy Crunch Protein; Fan Chips Jalapeño; FutbolMix
306,Fan Chips Jalapeño; CrunchMax BBQ; Caramel Goal Popcorn
307,Hot Stadium Peanuts; CrunchMax BBQ; Fan Chips Jalapeño
308,ChocoKick Bites; Victory Pretzels; Fan Chips Jalapeño
309,Fan Chips Jalapeño; CrunchMax BBQ; Mundialitos Queso Picante
310,Mundialitos Queso Picante; ChocoKick Bites; Hot Stadium Peanuts
311,Fan Chips Jalapeño; Energy Crunch Protein; Gol Nachos Supreme
312,ChocoKick Bites; Gol Nachos Supreme; Mundialitos Queso Picante
313,ChocoKick Bites; Fan Chips Jalapeño; Gol Nachos Supreme
314,Caramel Goal Popcorn; FutbolMix; Hot Stadium Peanuts
315,Caramel Goal Popcorn; Gol Nachos Supreme; Mundialitos Queso Picante
316,Caramel Goal Popcorn; Hot Stadium Peanuts; CrunchMax BBQ
317,Mundialitos Queso Picante; Victory Pretzels
318,Mundialitos Queso Picante; Hot Stadium Peanuts; Gol Nachos Supreme
319,FutbolMix; Gol Nachos Supreme; Fan Chips Jalapeño
320,Hot Stadium Peanuts; Gol Nachos Supreme; Fan Chips Jalapeño
321,Energy Crunch Protein; Fan Chips Jalapeño; Victory Pretzels
322,Caramel Goal Popcorn; CrunchMax BBQ; FutbolMix
323,Gol Nachos Supreme; Mundialitos Queso Picante; CrunchMax BBQ
324,Mundialitos Queso Picante; FutbolMix; Energy Crunch Protein
325,Energy Crunch Protein; CrunchMax BBQ; Hot Stadium Peanuts
326,Gol Nachos Supreme; Hot Stadium Peanuts; CrunchMax BBQ
327,Caramel Goal Popcorn; CrunchMax BBQ; Mundialitos Queso Picante
328,Victory Pretzels; FutbolMix; Fan Chips Jalapeño
329,ChocoKick Bites; Fan Chips Jalapeño; FutbolMix
330,CrunchMax BBQ; Energy Crunch Protein; Hot Stadium Peanuts
331,Victory Pretzels; Energy Crunch Protein
332,Fan Chips Jalapeño; Hot Stadium Peanuts
333,FutbolMix; Energy Crunch Protein; Gol Nachos Supreme
334,Fan Chips Jalapeño; Victory Pretzels; Mundialitos Queso Picante
335,Hot Stadium Peanuts; CrunchMax BBQ; Energy Crunch Protein
336,Fan Chips Jalapeño; Energy Crunch Protein; Mundialitos Queso Picante
337,Caramel Goal Popcorn; Mundialitos Queso Picante; Victory Pretzels
338,FutbolMix; Fan Chips Jalapeño; Caramel Goal Popcorn
339,Fan Chips Jalapeño; CrunchMax BBQ; Energy Crunch Protein
340,Fan Chips Jalapeño; Mundialitos Queso Picante; Caramel Goal Popcorn
341,Gol Nachos Supreme; Energy Crunch Protein; Caramel Goal Popcorn
342,CrunchMax BBQ; ChocoKick Bites; Hot Stadium Peanuts
343,Energy Crunch Protein; CrunchMax BBQ; FutbolMix
344,Hot Stadium Peanuts; CrunchMax BBQ; Mundialitos Queso Picante
345,Fan Chips Jalapeño; FutbolMix; Mundialitos Queso Picante
346,Fan Chips Jalapeño; FutbolMix; CrunchMax BBQ
347,FutbolMix; Caramel Goal Popcorn
348,ChocoKick Bites; Gol Nachos Supreme; Hot Stadium Peanuts
349,Mundialitos Queso Picante; ChocoKick Bites; Gol Nachos Supreme
350,Mundialitos Queso Picante; Gol Nachos Supreme; Fan Chips Jalapeño
351,Fan Chips Jalapeño; FutbolMix; Caramel Goal Popcorn
352,Energy Crunch Protein; CrunchMax BBQ; Mundialitos Queso Picante
353,ChocoKick Bites; Mundialitos Queso Picante; Hot Stadium Peanuts
354,Mundialitos Queso Picante; Energy Crunch Protein; ChocoKick Bites
355,Hot Stadium Peanuts; FutbolMix; CrunchMax BBQ
356,ChocoKick Bites; Caramel Goal Popcorn; Gol Nachos Supreme
357,Fan Chips Jalapeño; ChocoKick Bites; Energy Crunch Protein
358,CrunchMax BBQ; Fan Chips Jalapeño; Victory Pretzels
359,Gol Nachos Supreme; Caramel Goal Popcorn; Fan Chips Jalapeño
360,CrunchMax BBQ; FutbolMix; Fan Chips Jalapeño
361,ChocoKick Bites; Energy Crunch Protein; Hot Stadium Peanuts
362,Caramel Goal Popcorn; Hot Stadium Peanuts; Gol Nachos Supreme
363,CrunchMax BBQ; Caramel Goal Popcorn; Gol Nachos Supreme
364,Gol Nachos Supreme; CrunchMax BBQ; Fan Chips Jalapeño
365,ChocoKick Bites; Hot Stadium Peanuts; Fan Chips Jalapeño
366,Energy Crunch Protein; FutbolMix
367,Gol Nachos Supreme; CrunchMax BBQ; Victory Pretzels
368,Mundialitos Queso Picante; Hot Stadium Peanuts; ChocoKick Bites
369,Hot Stadium Peanuts; CrunchMax BBQ; Gol Nachos Supreme
370,Victory Pretzels; FutbolMix; CrunchMax BBQ
371,Caramel Goal Popcorn; Fan Chips Jalapeño; Mundialitos Queso Picante
372,CrunchMax BBQ; Caramel Goal Popcorn; Energy Crunch Protein
373,Gol Nachos Supreme; Victory Pretzels; Hot Stadium Peanuts
374,Mundialitos Queso Picante; Hot Stadium Peanuts; Caramel Goal Popcorn
375,Caramel Goal Popcorn; Energy Crunch Protein; Victory Pretzels
376,Victory Pretzels; ChocoKick Bites; Caramel Goal Popcorn
377,Hot Stadium Peanuts; Fan Chips Jalapeño; Energy Crunch Protein
378,Caramel Goal Popcorn; Fan Chips Jalapeño; Victory Pretzels
379,Victory Pretzels; CrunchMax BBQ; Fan Chips Jalapeño
380,Caramel Goal Popcorn; FutbolMix; CrunchMax BBQ
381,Victory Pretzels; Energy Crunch Protein; Gol Nachos Supreme
382,Gol Nachos Supreme; Hot Stadium Peanuts; FutbolMix
383,ChocoKick Bites; CrunchMax BBQ; Mundialitos Queso Picante
384,Hot Stadium Peanuts; CrunchMax BBQ; FutbolMix
385,Energy Crunch Protein; FutbolMix; CrunchMax BBQ
386,ChocoKick Bites; CrunchMax BBQ; FutbolMix
387,FutbolMix; Hot Stadium Peanuts; Gol Nachos Supreme
388,Fan Chips Jalapeño; CrunchMax BBQ; Hot Stadium Peanuts
389,Gol Nachos Supreme; Fan Chips Jalapeño; Mundialitos Queso Picante
390,Mundialitos Queso Picante; Hot Stadium Peanuts; CrunchMax BBQ
391,Gol Nachos Supreme; Mundialitos Queso Picante; Caramel Goal Popcorn
392,ChocoKick Bites; Caramel Goal Popcorn; Mundialitos Queso Picante
393,Mundialitos Queso Picante; Energy Crunch Protein; Fan Chips Jalapeño
394,Gol Nachos Supreme; Energy Crunch Protein; Mundialitos Queso Picante
395,CrunchMax BBQ; Caramel Goal Popcorn; ChocoKick Bites
396,CrunchMax BBQ; FutbolMix
397,Mundialitos Queso Picante; Caramel Goal Popcorn; CrunchMax BBQ
398,ChocoKick Bites; Gol Nachos Supreme; Energy Crunch Protein
399,CrunchMax BBQ; Fan Chips Jalapeño; Caramel Goal Popcorn
400,Fan Chips Jalapeño; FutbolMix; Hot Stadium Peanuts
401,Fan Chips Jalapeño; Victory Pretzels; Hot Stadium Peanuts
402,FutbolMix; Mundialitos Queso Picante; Caramel Goal Popcorn
403,CrunchMax BBQ; Mundialitos Queso Picante; Gol Nachos Supreme
404,Energy Crunch Protein; Mundialitos Queso Picante; FutbolMix
405,Fan Chips Jalapeño; ChocoKick Bites; Caramel Goal Popcorn
406,CrunchMax BBQ; Fan Chips Jalapeño; FutbolMix
407,ChocoKick Bites; Victory Pretzels; Gol Nachos Supreme
408,Hot Stadium Peanuts; Gol Nachos Supreme; Victory Pretzels
409,Fan Chips Jalapeño; Victory Pretzels; Gol Nachos Supreme
410,Mundialitos Queso Picante; Gol Nachos Supreme; FutbolMix
411,Hot Stadium Peanuts; FutbolMix; Fan Chips Jalapeño
412,Caramel Goal Popcorn; ChocoKick Bites; Victory Pretzels
413,FutbolMix; Victory Pretzels; CrunchMax BBQ
414,Fan Chips Jalapeño; Gol Nachos Supreme; Energy Crunch Protein
415,FutbolMix; Victory Pretzels; Hot Stadium Peanuts
416,Energy Crunch Protein; Hot Stadium Peanuts; Caramel Goal Popcorn
417,ChocoKick Bites; Mundialitos Queso Picante; Energy Crunch Protein
418,Gol Nachos Supreme; Mundialitos Queso Picante; ChocoKick Bites
419,FutbolMix; Mundialitos Queso Picante; Energy Crunch Protein
420,Gol Nachos Supreme; Caramel Goal Popcorn; Energy Crunch Protein
421,Mundialitos Queso Picante; FutbolMix; ChocoKick Bites
422,Victory Pretzels; Caramel Goal Popcorn; ChocoKick Bites
423,Victory Pretzels; Hot Stadium Peanuts; Fan Chips Jalapeño
424,CrunchMax BBQ; Caramel Goal Popcorn; Fan Chips Jalapeño
425,Caramel Goal Popcorn; Hot Stadium Peanuts; Energy Crunch Protein
426,Hot Stadium Peanuts; CrunchMax BBQ; Caramel Goal Popcorn
427,FutbolMix; CrunchMax BBQ; Caramel Goal Popcorn
428,Victory Pretzels; Hot Stadium Peanuts
429,Mundialitos Queso Picante; ChocoKick Bites; Energy Crunch Protein
430,Caramel Goal Popcorn; Mundialitos Queso Picante; FutbolMix
431,Victory Pretzels; Fan Chips Jalapeño; Caramel Goal Popcorn
432,Caramel Goal Popcorn; Fan Chips Jalapeño; Energy Crunch Protein
433,Victory Pretzels; Hot Stadium Peanuts; Gol Nachos Supreme
434,Gol Nachos Supreme; Hot Stadium Peanuts; Fan Chips Jalapeño
435,Fan Chips Jalapeño; Gol Nachos Supreme; CrunchMax BBQ
436,Fan Chips Jalapeño; Hot Stadium Peanuts; Energy Crunch Protein
437,Mundialitos Queso Picante; CrunchMax BBQ; ChocoKick Bites
438,Mundialitos Queso Picante; Hot Stadium Peanuts; Energy Crunch Protein
439,Hot Stadium Peanuts; FutbolMix; Victory Pretzels
440,CrunchMax BBQ; Hot Stadium Peanuts; Energy Crunch Protein
441,Mundialitos Queso Picante; Gol Nachos Supreme; Hot Stadium Peanuts
442,Gol Nachos Supreme; CrunchMax BBQ; Energy Crunch Protein
443,Caramel Goal Popcorn; ChocoKick Bites; Mundialitos Queso Picante
444,CrunchMax BBQ; Caramel Goal Popcorn; Mundialitos Queso Picante
445,Mundialitos Queso Picante; Victory Pretzels; Caramel Goal Popcorn
446,Victory Pretzels; Gol Nachos Supreme; Fan Chips Jalapeño
447,FutbolMix; Caramel Goal Popcorn; Gol Nachos Supreme
448,Gol Nachos Supreme; FutbolMix; Energy Crunch Protein
449,CrunchMax BBQ; Victory Pretzels; ChocoKick Bites
450,CrunchMax BBQ; FutbolMix; Caramel Goal Popcorn
451,Hot Stadium Peanuts; Gol Nachos Supreme; Mundialitos Queso Picante
452,CrunchMax BBQ; Gol Nachos Supreme; ChocoKick Bites
453,Mundialitos Queso Picante; Energy Crunch Protein; Gol Nachos Supreme
454,Caramel Goal Popcorn; Victory Pretzels; Hot Stadium Peanuts
455,Victory Pretzels; Gol Nachos Supreme; FutbolMix
456,Caramel Goal Popcorn; Fan Chips Jalapeño; CrunchMax BBQ
457,Hot Stadium Peanuts; Caramel Goal Popcorn; CrunchMax BBQ
458,ChocoKick Bites; CrunchMax BBQ; Victory Pretzels
459,Hot Stadium Peanuts; Victory Pretzels; FutbolMix
460,Mundialitos Queso Picante; Victory Pretzels; Fan Chips Jalapeño
461,ChocoKick Bites; FutbolMix; CrunchMax BBQ
462,Gol Nachos Supreme; Energy Crunch Protein; Victory Pretzels
463,Fan Chips Jalapeño; Hot Stadium Peanuts; FutbolMix
464,Fan Chips Jalapeño; Caramel Goal Popcorn; Hot Stadium Peanuts
465,FutbolMix; Fan Chips Jalapeño; Gol Nachos Supreme
466,Mundialitos Queso Picante; Hot Stadium Peanuts; Victory Pretzels
467,CrunchMax BBQ; Victory Pretzels; Hot Stadium Peanuts
468,Hot Stadium Peanuts; Energy Crunch Protein; Caramel Goal Popcorn
469,FutbolMix; ChocoKick Bites; Fan Chips Jalapeño
470,Mundialitos Queso Picante; ChocoKick Bites; CrunchMax BBQ
471,Hot Stadium Peanuts; Energy Crunch Protein
472,Gol Nachos Supreme; Fan Chips Jalapeño; Hot Stadium Peanuts
473,Hot Stadium Peanuts; Caramel Goal Popcorn; Victory Pretzels
474,Gol Nachos Supreme; Caramel Goal Popcorn; Hot Stadium Peanuts
475,Fan Chips Jalapeño; Hot Stadium Peanuts; Gol Nachos Supreme
476,Energy Crunch Protein; Gol Nachos Supreme; FutbolMix
477,Gol Nachos Supreme; Mundialitos Queso Picante; Fan Chips Jalapeño
478,FutbolMix; Energy Crunch Protein; Mundialitos Queso Picante
479,Victory Pretzels; Caramel Goal Popcorn
480,CrunchMax BBQ; Gol Nachos Supreme; Hot Stadium Peanuts
481,Caramel Goal Popcorn; Fan Chips Jalapeño; FutbolMix
482,Hot Stadium Peanuts; Mundialitos Queso Picante; ChocoKick Bites
483,FutbolMix; Gol Nachos Supreme; Hot Stadium Peanuts
484,Gol Nachos Supreme; FutbolMix; Mundialitos Queso Picante
485,Fan Chips Jalapeño; CrunchMax BBQ; FutbolMix
486,Hot Stadium Peanuts; FutbolMix; ChocoKick Bites
487,Hot Stadium Peanuts; ChocoKick Bites; Caramel Goal Popcorn
488,Fan Chips Jalapeño; CrunchMax BBQ; ChocoKick Bites
489,Hot Stadium Peanuts; Caramel Goal Popcorn; Energy Crunch Protein
490,FutbolMix; Gol Nachos Supreme; CrunchMax BBQ
491,Gol Nachos Supreme; ChocoKick Bites; CrunchMax BBQ
492,Caramel Goal Popcorn; FutbolMix; Victory Pretzels
493,Gol Nachos Supreme; FutbolMix; Fan Chips Jalapeño
494,Mundialitos Queso Picante; Hot Stadium Peanuts
495,Victory Pretzels; CrunchMax BBQ; ChocoKick Bites
496,ChocoKick Bites; Gol Nachos Supreme; Fan Chips Jalapeño
497,FutbolMix; Fan Chips Jalapeño; Mundialitos Queso Picante
498,Gol Nachos Supreme; FutbolMix; Hot Stadium Peanuts
499,Hot Stadium Peanuts; Mundialitos Queso Picante; Energy Crunch Protein
500,Gol Nachos Supreme; ChocoKick Bites; Hot Stadium Peanuts
501,Fan Chips Jalapeño; FutbolMix; Gol Nachos Supreme
502,CrunchMax BBQ; Hot Stadium Peanuts; FutbolMix
503,Energy Crunch Protein; Mundialitos Queso Picante; ChocoKick Bites
504,ChocoKick Bites; Mundialitos Queso Picante; Caramel Goal Popcorn
505,Mundialitos Queso Picante; FutbolMix; Victory Pretzels
506,Victory Pretzels; FutbolMix; Mundialitos Queso Picante
507,FutbolMix; ChocoKick Bites; Hot Stadium Peanuts
508,Energy Crunch Protein; ChocoKick Bites; Caramel Goal Popcorn
509,Gol Nachos Supreme; Mundialitos Queso Picante; Victory Pretzels
510,Victory Pretzels; Hot Stadium Peanuts; Caramel Goal Popcorn
511,Hot Stadium Peanuts; Victory Pretzels; Caramel Goal Popcorn
512,Gol Nachos Supreme; Caramel Goal Popcorn; Mundialitos Queso Picante
513,Mundialitos Queso Picante; CrunchMax BBQ; Gol Nachos Supreme
514,Gol Nachos Supreme; Victory Pretzels; Fan Chips Jalapeño
515,Caramel Goal Popcorn; Fan Chips Jalapeño; Gol Nachos Supreme
516,Caramel Goal Popcorn; Gol Nachos Supreme; CrunchMax BBQ
517,Mundialitos Queso Picante; Gol Nachos Supreme; Energy Crunch Protein
518,CrunchMax BBQ; Energy Crunch Protein; Caramel Goal Popcorn
519,Hot Stadium Peanuts; Fan Chips Jalapeño; ChocoKick Bites
520,FutbolMix; Victory Pretzels; Caramel Goal Popcorn
521,Energy Crunch Protein; Gol Nachos Supreme; CrunchMax BBQ
522,Victory Pretzels; Fan Chips Jalapeño; Hot Stadium Peanuts
523,Fan Chips Jalapeño; ChocoKick Bites; Victory Pretzels
524,CrunchMax BBQ; Hot Stadium Peanuts; Fan Chips Jalapeño
525,Fan Chips Jalapeño; Gol Nachos Supreme; Hot Stadium Peanuts
526,Hot Stadium Peanuts; ChocoKick Bites; FutbolMix
527,Energy Crunch Protein; Caramel Goal Popcorn; Mundialitos Queso Picante
528,Energy Crunch Protein; Mundialitos Queso Picante; CrunchMax BBQ
529,Mundialitos Queso Picante; Caramel Goal Popcorn; Energy Crunch Protein
530,Energy Crunch Protein; Gol Nachos Supreme; Fan Chips Jalapeño
531,Hot Stadium Peanuts; ChocoKick Bites; CrunchMax BBQ
532,Mundialitos Queso Picante; CrunchMax BBQ; Victory Pretzels
533,Hot Stadium Peanuts; Energy Crunch Protein; CrunchMax BBQ
534,FutbolMix; Fan Chips Jalapeño; ChocoKick Bites
535,Caramel Goal Popcorn; CrunchMax BBQ; Gol Nachos Supreme
536,Mundialitos Queso Picante; Caramel Goal Popcorn; ChocoKick Bites
537,FutbolMix; Fan Chips Jalapeño; Energy Crunch Protein
538,Gol Nachos Supreme; Fan Chips Jalapeño; Caramel Goal Popcorn
539,Hot Stadium Peanuts; Gol Nachos Supreme; CrunchMax BBQ
540,CrunchMax BBQ; ChocoKick Bites; FutbolMix
541,Victory Pretzels; Hot Stadium Peanuts; Energy Crunch Protein
542,Gol Nachos Supreme; FutbolMix; ChocoKick Bites
543,Fan Chips Jalapeño; Gol Nachos Supreme; FutbolMix
